BEGIN TRANSACTION;
CREATE TABLE "auth_group" ("id" integer NOT NULL PRIMARY KEY AUTOINCREMENT, "name" varchar(150) NOT NULL UNIQUE);
CREATE TABLE "auth_group_permissions" ("id" integer NOT NULL PRIMARY KEY AUTOINCREMENT, "group_id" integer NOT NULL REFERENCES "auth_group" ("id") DEFERRABLE INITIALLY DEFERRED, "permission_id" integer NOT NULL REFERENCES "auth_permission" ("id") DEFERRABLE INITIALLY DEFERRED);
CREATE TABLE "auth_permission" ("id" integer NOT NULL PRIMARY KEY AUTOINCREMENT, "content_type_id" integer NOT NULL REFERENCES "django_content_type" ("id") DEFERRABLE INITIALLY DEFERRED, "codename" varchar(100) NOT NULL, "name" varchar(255) NOT NULL);
INSERT INTO "auth_permission" VALUES(1,1,'add_logentry','Can add log entry');
INSERT INTO "auth_permission" VALUES(2,1,'change_logentry','Can change log entry');
INSERT INTO "auth_permission" VALUES(3,1,'delete_logentry','Can delete log entry');
INSERT INTO "auth_permission" VALUES(4,1,'view_logentry','Can view log entry');
INSERT INTO "auth_permission" VALUES(5,2,'add_permission','Can add permission');
INSERT INTO "auth_permission" VALUES(6,2,'change_permission','Can change permission');
INSERT INTO "auth_permission" VALUES(7,2,'delete_permission','Can delete permission');
INSERT INTO "auth_permission" VALUES(8,2,'view_permission','Can view permission');
INSERT INTO "auth_permission" VALUES(9,3,'add_group','Can add group');
INSERT INTO "auth_permission" VALUES(10,3,'change_group','Can change group');
INSERT INTO "auth_permission" VALUES(11,3,'delete_group','Can delete group');
INSERT INTO "auth_permission" VALUES(12,3,'view_group','Can view group');
INSERT INTO "auth_permission" VALUES(13,4,'add_user','Can add user');
INSERT INTO "auth_permission" VALUES(14,4,'change_user','Can change user');
INSERT INTO "auth_permission" VALUES(15,4,'delete_user','Can delete user');
INSERT INTO "auth_permission" VALUES(16,4,'view_user','Can view user');
INSERT INTO "auth_permission" VALUES(17,5,'add_contenttype','Can add content type');
INSERT INTO "auth_permission" VALUES(18,5,'change_contenttype','Can change content type');
INSERT INTO "auth_permission" VALUES(19,5,'delete_contenttype','Can delete content type');
INSERT INTO "auth_permission" VALUES(20,5,'view_contenttype','Can view content type');
INSERT INTO "auth_permission" VALUES(21,6,'add_session','Can add session');
INSERT INTO "auth_permission" VALUES(22,6,'change_session','Can change session');
INSERT INTO "auth_permission" VALUES(23,6,'delete_session','Can delete session');
INSERT INTO "auth_permission" VALUES(24,6,'view_session','Can view session');
INSERT INTO "auth_permission" VALUES(25,7,'add_category','Can add Категория');
INSERT INTO "auth_permission" VALUES(26,7,'change_category','Can change Категория');
INSERT INTO "auth_permission" VALUES(27,7,'delete_category','Can delete Категория');
INSERT INTO "auth_permission" VALUES(28,7,'view_category','Can view Категория');
INSERT INTO "auth_permission" VALUES(29,8,'add_manufacturer','Can add Производитель');
INSERT INTO "auth_permission" VALUES(30,8,'change_manufacturer','Can change Производитель');
INSERT INTO "auth_permission" VALUES(31,8,'delete_manufacturer','Can delete Производитель');
INSERT INTO "auth_permission" VALUES(32,8,'view_manufacturer','Can view Производитель');
INSERT INTO "auth_permission" VALUES(33,9,'add_pickuppoint','Can add Пункт выдачи');
INSERT INTO "auth_permission" VALUES(34,9,'change_pickuppoint','Can change Пункт выдачи');
INSERT INTO "auth_permission" VALUES(35,9,'delete_pickuppoint','Can delete Пункт выдачи');
INSERT INTO "auth_permission" VALUES(36,9,'view_pickuppoint','Can view Пункт выдачи');
INSERT INTO "auth_permission" VALUES(37,10,'add_supplier','Can add Поставщик');
INSERT INTO "auth_permission" VALUES(38,10,'change_supplier','Can change Поставщик');
INSERT INTO "auth_permission" VALUES(39,10,'delete_supplier','Can delete Поставщик');
INSERT INTO "auth_permission" VALUES(40,10,'view_supplier','Can view Поставщик');
INSERT INTO "auth_permission" VALUES(41,11,'add_order','Can add Заказ');
INSERT INTO "auth_permission" VALUES(42,11,'change_order','Can change Заказ');
INSERT INTO "auth_permission" VALUES(43,11,'delete_order','Can delete Заказ');
INSERT INTO "auth_permission" VALUES(44,11,'view_order','Can view Заказ');
INSERT INTO "auth_permission" VALUES(45,12,'add_product','Can add Товар');
INSERT INTO "auth_permission" VALUES(46,12,'change_product','Can change Товар');
INSERT INTO "auth_permission" VALUES(47,12,'delete_product','Can delete Товар');
INSERT INTO "auth_permission" VALUES(48,12,'view_product','Can view Товар');
INSERT INTO "auth_permission" VALUES(49,13,'add_orderitem','Can add Позиция заказа');
INSERT INTO "auth_permission" VALUES(50,13,'change_orderitem','Can change Позиция заказа');
INSERT INTO "auth_permission" VALUES(51,13,'delete_orderitem','Can delete Позиция заказа');
INSERT INTO "auth_permission" VALUES(52,13,'view_orderitem','Can view Позиция заказа');
INSERT INTO "auth_permission" VALUES(53,14,'add_userprofile','Can add Профиль пользователя');
INSERT INTO "auth_permission" VALUES(54,14,'change_userprofile','Can change Профиль пользователя');
INSERT INTO "auth_permission" VALUES(55,14,'delete_userprofile','Can delete Профиль пользователя');
INSERT INTO "auth_permission" VALUES(56,14,'view_userprofile','Can view Профиль пользователя');
CREATE TABLE "auth_user" ("id" integer NOT NULL PRIMARY KEY AUTOINCREMENT, "password" varchar(128) NOT NULL, "last_login" datetime NULL, "is_superuser" bool NOT NULL, "username" varchar(150) NOT NULL UNIQUE, "last_name" varchar(150) NOT NULL, "email" varchar(254) NOT NULL, "is_staff" bool NOT NULL, "is_active" bool NOT NULL, "date_joined" datetime NOT NULL, "first_name" varchar(150) NOT NULL);
INSERT INTO "auth_user" VALUES(1,'pbkdf2_sha256$1000000$aWgZr0YdIOuDnV1VXEEq1r$NZgNvb4UI1NkOOHag241xVi25Dh5DeIFzGQ0CabrYxE=',NULL,0,'volkova','Волкова','volkova@kancmail.com',0,1,'2025-12-16 15:25:54.242581','Анна');
INSERT INTO "auth_user" VALUES(2,'pbkdf2_sha256$1000000$Qstt4lPnqs0zScvq1vMmVv$a4cWyB64qYIykWB6Hh//D1lxv7upVzHui0QZP7EBGBc=',NULL,0,'kotov','Котов','kotov@kancmail.com',0,1,'2025-12-16 15:25:54.495808','Илья');
INSERT INTO "auth_user" VALUES(3,'pbkdf2_sha256$1000000$cyRvngiU3UlzuQ45Erv93f$uP/GQR+J4jU7HR3b3T8x74Ec5ImHNBM3iTvB0x6/B50=',NULL,0,'smirnova','Смирнова','smirnova@kancmail.com',0,1,'2025-12-16 15:25:54.741192','Ольга');
INSERT INTO "auth_user" VALUES(4,'pbkdf2_sha256$1000000$gSiDrQWQyLqPXV1NQzTfEh$Ej7QmyMjVPVlnIjjNXloGtI52oLYQYbmsf2zeQ2c+ZM=',NULL,0,'novikov','Новиков','novikov@kancmail.com',0,1,'2025-12-16 15:25:54.984464','Денис');
INSERT INTO "auth_user" VALUES(5,'pbkdf2_sha256$1000000$TMsFxFVEw8d4XWtbSmtNT7$Egcw+1cspbuO+O5eViWjlGfTsMa0DY3ob7CeTKClP4o=',NULL,0,'zaharova','Захарова','zaharova@kancmail.com',0,1,'2025-12-16 15:25:55.232969','Елена');
INSERT INTO "auth_user" VALUES(6,'pbkdf2_sha256$1000000$qouTYOsPT6TJxnPl8PvdqZ$F3Azem4t2dhZL3C/mOwlyPi4YQnK12B4BuRizul6kis=',NULL,0,'belov@clientmail.ru','Белов','belov@clientmail.ru',0,1,'2025-12-16 15:25:55.475016','Артем');
INSERT INTO "auth_user" VALUES(7,'pbkdf2_sha256$1000000$2rqLK9jRSsNnBOAXGhBlDp$jGVMqeFf+TXPvXE0elXFR8ZDU1nGeMOugtTx9mM2yG0=',NULL,0,'grigorieva@clientmail.ru','Григорьева','grigorieva@clientmail.ru',0,1,'2025-12-16 15:25:55.763149','Мария');
INSERT INTO "auth_user" VALUES(8,'pbkdf2_sha256$1000000$3pcql4cVkPP7zeUPxTB2Gb$y8HoHlGFS4fLbHIE8dsph/ROCiDQWfHoCQBrCBNHzFc=',NULL,0,'timofeev@clientmail.ru','Тимофеев','timofeev@clientmail.ru',0,1,'2025-12-16 15:25:56.012766','Сергей');
INSERT INTO "auth_user" VALUES(9,'pbkdf2_sha256$1000000$tHXCohzJ3JC6pLllanVQnQ$Gjts+T22e58JhXBt53D3FnMwNXAo+A/u6rLjQPjGT5s=',NULL,0,'kuznetsova@clientmail.ru','Кузнецова','kuznetsova@clientmail.ru',0,1,'2025-12-16 15:25:56.259100','Анастасия');
INSERT INTO "auth_user" VALUES(10,'pbkdf2_sha256$1000000$uZL5vmovORbWtcSMDyq0Zb$fiYsa02D0kFF79TR/c63mjHIdO1H9jLkEWaFPwKqQQ4=',NULL,0,'fedorov@clientmail.ru','Федоров','fedorov@clientmail.ru',0,1,'2025-12-16 15:25:56.503205','Павел');
CREATE TABLE "auth_user_groups" ("id" integer NOT NULL PRIMARY KEY AUTOINCREMENT, "user_id" integer NOT NULL REFERENCES "auth_user" ("id") DEFERRABLE INITIALLY DEFERRED, "group_id" integer NOT NULL REFERENCES "auth_group" ("id") DEFERRABLE INITIALLY DEFERRED);
CREATE TABLE "auth_user_user_permissions" ("id" integer NOT NULL PRIMARY KEY AUTOINCREMENT, "user_id" integer NOT NULL REFERENCES "auth_user" ("id") DEFERRABLE INITIALLY DEFERRED, "permission_id" integer NOT NULL REFERENCES "auth_permission" ("id") DEFERRABLE INITIALLY DEFERRED);
CREATE TABLE "django_admin_log" ("id" integer NOT NULL PRIMARY KEY AUTOINCREMENT, "object_id" text NULL, "object_repr" varchar(200) NOT NULL, "action_flag" smallint unsigned NOT NULL CHECK ("action_flag" >= 0), "change_message" text NOT NULL, "content_type_id" integer NULL REFERENCES "django_content_type" ("id") DEFERRABLE INITIALLY DEFERRED, "user_id" integer NOT NULL REFERENCES "auth_user" ("id") DEFERRABLE INITIALLY DEFERRED, "action_time" datetime NOT NULL);
CREATE TABLE "django_content_type" ("id" integer NOT NULL PRIMARY KEY AUTOINCREMENT, "app_label" varchar(100) NOT NULL, "model" varchar(100) NOT NULL);
INSERT INTO "django_content_type" VALUES(1,'admin','logentry');
INSERT INTO "django_content_type" VALUES(2,'auth','permission');
INSERT INTO "django_content_type" VALUES(3,'auth','group');
INSERT INTO "django_content_type" VALUES(4,'auth','user');
INSERT INTO "django_content_type" VALUES(5,'contenttypes','contenttype');
INSERT INTO "django_content_type" VALUES(6,'sessions','session');
INSERT INTO "django_content_type" VALUES(7,'shop','category');
INSERT INTO "django_content_type" VALUES(8,'shop','manufacturer');
INSERT INTO "django_content_type" VALUES(9,'shop','pickuppoint');
INSERT INTO "django_content_type" VALUES(10,'shop','supplier');
INSERT INTO "django_content_type" VALUES(11,'shop','order');
INSERT INTO "django_content_type" VALUES(12,'shop','product');
INSERT INTO "django_content_type" VALUES(13,'shop','orderitem');
INSERT INTO "django_content_type" VALUES(14,'shop','userprofile');
CREATE TABLE "django_migrations" ("id" integer NOT NULL PRIMARY KEY AUTOINCREMENT, "app" varchar(255) NOT NULL, "name" varchar(255) NOT NULL, "applied" datetime NOT NULL);
INSERT INTO "django_migrations" VALUES(1,'contenttypes','0001_initial','2025-12-16 15:24:59.217715');
INSERT INTO "django_migrations" VALUES(2,'auth','0001_initial','2025-12-16 15:24:59.235811');
INSERT INTO "django_migrations" VALUES(3,'admin','0001_initial','2025-12-16 15:24:59.248410');
INSERT INTO "django_migrations" VALUES(4,'admin','0002_logentry_remove_auto_add','2025-12-16 15:24:59.258281');
INSERT INTO "django_migrations" VALUES(5,'admin','0003_logentry_add_action_flag_choices','2025-12-16 15:24:59.267492');
INSERT INTO "django_migrations" VALUES(6,'contenttypes','0002_remove_content_type_name','2025-12-16 15:24:59.283112');
INSERT INTO "django_migrations" VALUES(7,'auth','0002_alter_permission_name_max_length','2025-12-16 15:24:59.294024');
INSERT INTO "django_migrations" VALUES(8,'auth','0003_alter_user_email_max_length','2025-12-16 15:24:59.303549');
INSERT INTO "django_migrations" VALUES(9,'auth','0004_alter_user_username_opts','2025-12-16 15:24:59.313428');
INSERT INTO "django_migrations" VALUES(10,'auth','0005_alter_user_last_login_null','2025-12-16 15:24:59.326891');
INSERT INTO "django_migrations" VALUES(11,'auth','0006_require_contenttypes_0002','2025-12-16 15:24:59.331063');
INSERT INTO "django_migrations" VALUES(12,'auth','0007_alter_validators_add_error_messages','2025-12-16 15:24:59.338308');
INSERT INTO "django_migrations" VALUES(13,'auth','0008_alter_user_username_max_length','2025-12-16 15:24:59.348207');
INSERT INTO "django_migrations" VALUES(14,'auth','0009_alter_user_last_name_max_length','2025-12-16 15:24:59.358114');
INSERT INTO "django_migrations" VALUES(15,'auth','0010_alter_group_name_max_length','2025-12-16 15:24:59.367170');
INSERT INTO "django_migrations" VALUES(16,'auth','0011_update_proxy_permissions','2025-12-16 15:24:59.374395');
INSERT INTO "django_migrations" VALUES(17,'auth','0012_alter_user_first_name_max_length','2025-12-16 15:24:59.384047');
INSERT INTO "django_migrations" VALUES(18,'sessions','0001_initial','2025-12-16 15:24:59.393942');
INSERT INTO "django_migrations" VALUES(19,'shop','0001_initial','2025-12-16 15:24:59.425842');
CREATE TABLE "django_session" ("session_key" varchar(40) NOT NULL PRIMARY KEY, "session_data" text NOT NULL, "expire_date" datetime NOT NULL);
CREATE TABLE "shop_category" ("id" integer NOT NULL PRIMARY KEY AUTOINCREMENT, "name" varchar(200) NOT NULL UNIQUE, "description" text NOT NULL);
INSERT INTO "shop_category" VALUES(1,'Письменные принадлежности','');
INSERT INTO "shop_category" VALUES(2,'Бумажная продукция','');
INSERT INTO "shop_category" VALUES(3,'Папки и архивация','');
INSERT INTO "shop_category" VALUES(4,'Офисная техника','');
INSERT INTO "shop_category" VALUES(5,'Канцелярские инструменты','');
INSERT INTO "shop_category" VALUES(6,'Творчество','');
INSERT INTO "shop_category" VALUES(7,'Крепеж','');
INSERT INTO "shop_category" VALUES(8,'Клеящие материалы','');
CREATE TABLE "shop_manufacturer" ("id" integer NOT NULL PRIMARY KEY AUTOINCREMENT, "name" varchar(200) NOT NULL UNIQUE, "country" varchar(100) NOT NULL);
INSERT INTO "shop_manufacturer" VALUES(1,'ErichKrause','');
INSERT INTO "shop_manufacturer" VALUES(2,'Koh-i-Noor','');
INSERT INTO "shop_manufacturer" VALUES(3,'Moleskine','');
INSERT INTO "shop_manufacturer" VALUES(4,'Brauberg','');
INSERT INTO "shop_manufacturer" VALUES(5,'Deli','');
INSERT INTO "shop_manufacturer" VALUES(6,'Centrum','');
INSERT INTO "shop_manufacturer" VALUES(7,'SvetoCopy','');
INSERT INTO "shop_manufacturer" VALUES(8,'Edding','');
INSERT INTO "shop_manufacturer" VALUES(9,'Attache','');
INSERT INTO "shop_manufacturer" VALUES(10,'Гознак','');
INSERT INTO "shop_manufacturer" VALUES(11,'Faber-Castell','');
INSERT INTO "shop_manufacturer" VALUES(12,'GBC','');
INSERT INTO "shop_manufacturer" VALUES(13,'Post-it','');
CREATE TABLE "shop_order" ("id" integer NOT NULL PRIMARY KEY AUTOINCREMENT, "order_date" datetime NOT NULL, "delivery_date" date NULL, "pickup_code" varchar(10) NOT NULL, "status" varchar(20) NOT NULL, "total_amount" decimal NOT NULL, "user_id" integer NOT NULL REFERENCES "auth_user" ("id") DEFERRABLE INITIALLY DEFERRED, "pickup_point_id" bigint NOT NULL REFERENCES "shop_pickuppoint" ("id") DEFERRABLE INITIALLY DEFERRED);
INSERT INTO "shop_order" VALUES(1,'2025-12-16 15:25:56.755498','2025-04-15','551','completed',305,6,3);
INSERT INTO "shop_order" VALUES(2,'2025-12-16 15:25:56.773217','2025-04-16','552','completed',242.5,7,7);
INSERT INTO "shop_order" VALUES(3,'2025-12-16 15:25:56.791655','2025-04-17','553','completed',401.25,8,12);
INSERT INTO "shop_order" VALUES(4,'2025-12-16 15:25:56.809785','2025-04-18','554','completed',460,9,5);
INSERT INTO "shop_order" VALUES(5,'2025-12-16 15:25:56.829543','2025-04-19','555','completed',519.6,10,9);
INSERT INTO "shop_order" VALUES(6,'2025-12-16 15:25:56.848930','2025-04-20','556','completed',869,6,15);
INSERT INTO "shop_order" VALUES(7,'2025-12-16 15:25:56.867334','2025-04-21','557','completed',430,7,2);
INSERT INTO "shop_order" VALUES(8,'2025-12-16 15:25:56.886696','2025-04-22','558','new',520,8,18);
INSERT INTO "shop_order" VALUES(9,'2025-12-16 15:25:56.906923','2025-04-23','559','new',605,9,4);
INSERT INTO "shop_order" VALUES(10,'2025-12-16 15:25:56.924708','2025-04-24','560','new',362,10,11);
CREATE TABLE "shop_orderitem" ("id" integer NOT NULL PRIMARY KEY AUTOINCREMENT, "quantity" integer NOT NULL, "price_at_purchase" decimal NOT NULL, "order_id" bigint NOT NULL REFERENCES "shop_order" ("id") DEFERRABLE INITIALLY DEFERRED, "product_id" bigint NOT NULL REFERENCES "shop_product" ("id") DEFERRABLE INITIALLY DEFERRED);
INSERT INTO "shop_orderitem" VALUES(1,5,25,1,1);
INSERT INTO "shop_orderitem" VALUES(2,1,180,1,6);
INSERT INTO "shop_orderitem" VALUES(3,10,14.25,2,2);
INSERT INTO "shop_orderitem" VALUES(4,5,20,2,10);
INSERT INTO "shop_orderitem" VALUES(5,2,108,3,3);
INSERT INTO "shop_orderitem" VALUES(6,3,61.75,3,11);
INSERT INTO "shop_orderitem" VALUES(7,8,45,4,4);
INSERT INTO "shop_orderitem" VALUES(8,20,5,4,18);
INSERT INTO "shop_orderitem" VALUES(9,1,238,5,5);
INSERT INTO "shop_orderitem" VALUES(10,1,281.6,5,12);
INSERT INTO "shop_orderitem" VALUES(11,2,322,6,7);
INSERT INTO "shop_orderitem" VALUES(12,3,75,6,19);
INSERT INTO "shop_orderitem" VALUES(13,6,60,7,8);
INSERT INTO "shop_orderitem" VALUES(14,2,35,7,16);
INSERT INTO "shop_orderitem" VALUES(15,4,40,8,9);
INSERT INTO "shop_orderitem" VALUES(16,1,360,8,15);
INSERT INTO "shop_orderitem" VALUES(17,5,110,9,13);
INSERT INTO "shop_orderitem" VALUES(18,1,55,9,17);
INSERT INTO "shop_orderitem" VALUES(19,25,8,10,14);
INSERT INTO "shop_orderitem" VALUES(20,2,81,10,20);
CREATE TABLE "shop_pickuppoint" ("id" integer NOT NULL PRIMARY KEY AUTOINCREMENT, "address" varchar(500) NOT NULL UNIQUE);
INSERT INTO "shop_pickuppoint" VALUES(1,'101000, г. Бумажск, ул. Канцелярская, 12');
INSERT INTO "shop_pickuppoint" VALUES(2,'101001, г. Бумажск, ул. Офисная, 5');
INSERT INTO "shop_pickuppoint" VALUES(3,'101002, г. Бумажск, ул. Бумажная, 34');
INSERT INTO "shop_pickuppoint" VALUES(4,'101003, г. Бумажск, ул. Папковая, 17');
INSERT INTO "shop_pickuppoint" VALUES(5,'101004, г. Бумажск, ул. Линейная, 9');
INSERT INTO "shop_pickuppoint" VALUES(6,'101005, г. Бумажск, ул. Ручкина, 21');
INSERT INTO "shop_pickuppoint" VALUES(7,'101006, г. Бумажск, ул. Тетрадная, 8');
INSERT INTO "shop_pickuppoint" VALUES(8,'101007, г. Бумажск, ул. Скрепочная, 13');
INSERT INTO "shop_pickuppoint" VALUES(9,'101008, г. Бумажск, ул. Клеевая, 3');
INSERT INTO "shop_pickuppoint" VALUES(10,'101009, г. Бумажск, ул. Маркерная, 26');
INSERT INTO "shop_pickuppoint" VALUES(11,'101010, г. Бумажск, ул. Степлерная, 7');
INSERT INTO "shop_pickuppoint" VALUES(12,'101011, г. Бумажск, ул. Ластикова, 15');
INSERT INTO "shop_pickuppoint" VALUES(13,'101012, г. Бумажск, ул. Конвертная, 11');
INSERT INTO "shop_pickuppoint" VALUES(14,'101013, г. Бумажск, ул. Ножничная, 19');
INSERT INTO "shop_pickuppoint" VALUES(15,'101014, г. Бумажск, ул. Блокнотная, 22');
INSERT INTO "shop_pickuppoint" VALUES(16,'101015, г. Бумажск, ул. Карандашная, 6');
INSERT INTO "shop_pickuppoint" VALUES(17,'101016, г. Бумажск, ул. Файловая, 30');
INSERT INTO "shop_pickuppoint" VALUES(18,'101017, г. Бумажск, ул. Стикерная, 4');
INSERT INTO "shop_pickuppoint" VALUES(19,'101018, г. Бумажск, ул. Точильная, 18');
INSERT INTO "shop_pickuppoint" VALUES(20,'101019, г. Бумажск, ул. Корректорная, 1');
CREATE TABLE "shop_product" ("id" integer NOT NULL PRIMARY KEY AUTOINCREMENT, "article" varchar(50) NOT NULL UNIQUE, "name" varchar(300) NOT NULL, "description" text NOT NULL, "price" decimal NOT NULL, "unit" varchar(50) NOT NULL, "stock_quantity" integer NOT NULL, "discount" integer NOT NULL, "image" varchar(100) NULL, "category_id" bigint NOT NULL REFERENCES "shop_category" ("id") DEFERRABLE INITIALLY DEFERRED, "manufacturer_id" bigint NOT NULL REFERENCES "shop_manufacturer" ("id") DEFERRABLE INITIALLY DEFERRED, "supplier_id" bigint NOT NULL REFERENCES "shop_supplier" ("id") DEFERRABLE INITIALLY DEFERRED);
INSERT INTO "shop_product" VALUES(1,'K1001','Ручка шариковая синяя','Ручка шариковая, синие чернила, пластиковый корпус',25,'шт.',150,0,'',1,1,1);
INSERT INTO "shop_product" VALUES(2,'K1002','Карандаш чернографитный','Карандаш HB, деревянный корпус, с ластиком',15,'шт.',200,5,'',1,2,2);
INSERT INTO "shop_product" VALUES(3,'K1003','Блокнот А5, 80 листов','Блокнот в твердой обложке, клетка, 80 листов',120,'шт.',80,10,'',2,3,3);
INSERT INTO "shop_product" VALUES(4,'K1004','Папка-скоросшиватель А4','Папка-скоросшиватель пластиковая, синяя',45,'шт.',120,0,'',3,4,1);
INSERT INTO "shop_product" VALUES(5,'K1005','Степлер мини','Степлер компактный, вмещает до 20 листов',280,'шт.',40,15,'',4,5,2);
INSERT INTO "shop_product" VALUES(6,'K1006','Ножницы канцелярские','Ножницы с пластмассовыми ручками, длина лезвия 15 см',180,'шт.',65,0,'',5,6,1);
INSERT INTO "shop_product" VALUES(7,'K1007','Бумага А4, 500 л.','Бумага для офисной техники, плотность 80 г/м²',350,'пачка',30,8,'',2,7,3);
INSERT INTO "shop_product" VALUES(8,'K1008','Маркер перманентный','Маркер перманентный, черный, тонкий наконечник',60,'шт.',90,0,'',1,8,2);
INSERT INTO "shop_product" VALUES(9,'K1009','Линейка пластиковая 30см','Линейка гибкая, прозрачная, с метрической и дюймовой шкалой',40,'шт.',110,0,'',5,9,1);
INSERT INTO "shop_product" VALUES(10,'K1010','Ластик белый','Ластик мягкий, для карандаша и чернил',20,'шт.',200,0,'',1,2,2);
INSERT INTO "shop_product" VALUES(11,'K1011','Тетрадь 48л., клетка','Тетрадь в мягкой обложке, 48 листов, клетка',65,'шт.',180,5,'',2,10,3);
INSERT INTO "shop_product" VALUES(12,'K1012','Дырокол на 2 отверстия','Дырокол пластиковый, регулируемое расстояние между отверстиями',320,'шт.',25,12,'',4,4,1);
INSERT INTO "shop_product" VALUES(13,'K1013','Корректирующая лента','Корректирующая лента, ширина 5 мм, длина 6 м',110,'шт.',70,0,'',1,1,2);
INSERT INTO "shop_product" VALUES(14,'K1014','Конверт С5, без марки','Конверт почтовый, формат С5, белый',8,'шт.',300,0,'',2,10,3);
INSERT INTO "shop_product" VALUES(15,'K1015','Набор цветных карандашей','Набор из 24 цветных карандашей, деревянный корпус',450,'набор',35,20,'',6,11,1);
INSERT INTO "shop_product" VALUES(16,'K1016','Точилка для карандашей','Точилка пластиковая с контейнером для стружки',35,'шт.',85,0,'',1,5,2);
INSERT INTO "shop_product" VALUES(17,'K1017','Скрепки металлические','Скрепки оцинкованные, размер 28 мм, 100 шт. в коробке',55,'коробка',60,0,'',7,4,1);
INSERT INTO "shop_product" VALUES(18,'K1018','Файл А4, прозрачный','Файл для документов, полипропилен, матовая поверхность',5,'шт.',500,0,'',3,12,3);
INSERT INTO "shop_product" VALUES(19,'K1019','Клей-карандаш','Клей-карандаш, 21 г, нетоксичный, с колпачком',75,'шт.',120,0,'',8,1,2);
INSERT INTO "shop_product" VALUES(20,'K1020','Блок стикеров 76x76 мм','Блок липких заметок, 100 листов, желтый',90,'блок',45,10,'',2,13,1);
CREATE TABLE "shop_supplier" ("id" integer NOT NULL PRIMARY KEY AUTOINCREMENT, "name" varchar(200) NOT NULL UNIQUE, "contact_info" text NOT NULL);
INSERT INTO "shop_supplier" VALUES(1,'ОфисМир','');
INSERT INTO "shop_supplier" VALUES(2,'КанцТорг','');
INSERT INTO "shop_supplier" VALUES(3,'БумагаPro','');
CREATE TABLE "shop_userprofile" ("id" integer NOT NULL PRIMARY KEY AUTOINCREMENT, "role" varchar(20) NOT NULL, "full_name" varchar(300) NOT NULL, "user_id" integer NOT NULL UNIQUE REFERENCES "auth_user" ("id") DEFERRABLE INITIALLY DEFERRED);
INSERT INTO "shop_userprofile" VALUES(1,'admin','Волкова Анна Сергеевна',1);
INSERT INTO "shop_userprofile" VALUES(2,'admin','Котов Илья Дмитриевич',2);
INSERT INTO "shop_userprofile" VALUES(3,'manager','Смирнова Ольга Петровна',3);
INSERT INTO "shop_userprofile" VALUES(4,'manager','Новиков Денис Игоревич',4);
INSERT INTO "shop_userprofile" VALUES(5,'manager','Захарова Елена Викторовна',5);
INSERT INTO "shop_userprofile" VALUES(6,'client','Белов Артем Александрович',6);
INSERT INTO "shop_userprofile" VALUES(7,'client','Григорьева Мария Павловна',7);
INSERT INTO "shop_userprofile" VALUES(8,'client','Тимофеев Сергей Олегович',8);
INSERT INTO "shop_userprofile" VALUES(9,'client','Кузнецова Анастасия Ильинична',9);
INSERT INTO "shop_userprofile" VALUES(10,'client','Федоров Павел Максимович',10);
CREATE UNIQUE INDEX "auth_group_permissions_group_id_permission_id_0cd325b0_uniq" ON "auth_group_permissions" ("group_id", "permission_id");
CREATE INDEX "auth_group_permissions_group_id_b120cbf9" ON "auth_group_permissions" ("group_id");
CREATE INDEX "auth_group_permissions_permission_id_84c5c92e" ON "auth_group_permissions" ("permission_id");
CREATE UNIQUE INDEX "auth_user_groups_user_id_group_id_94350c0c_uniq" ON "auth_user_groups" ("user_id", "group_id");
CREATE INDEX "auth_user_groups_user_id_6a12ed8b" ON "auth_user_groups" ("user_id");
CREATE INDEX "auth_user_groups_group_id_97559544" ON "auth_user_groups" ("group_id");
CREATE UNIQUE INDEX "auth_user_user_permissions_user_id_permission_id_14a6b632_uniq" ON "auth_user_user_permissions" ("user_id", "permission_id");
CREATE INDEX "auth_user_user_permissions_user_id_a95ead1b" ON "auth_user_user_permissions" ("user_id");
CREATE INDEX "auth_user_user_permissions_permission_id_1fbb5f2c" ON "auth_user_user_permissions" ("permission_id");
CREATE INDEX "django_admin_log_content_type_id_c4bce8eb" ON "django_admin_log" ("content_type_id");
CREATE INDEX "django_admin_log_user_id_c564eba6" ON "django_admin_log" ("user_id");
CREATE UNIQUE INDEX "django_content_type_app_label_model_76bd3d3b_uniq" ON "django_content_type" ("app_label", "model");
CREATE UNIQUE INDEX "auth_permission_content_type_id_codename_01ab375a_uniq" ON "auth_permission" ("content_type_id", "codename");
CREATE INDEX "auth_permission_content_type_id_2f476e4b" ON "auth_permission" ("content_type_id");
CREATE INDEX "django_session_expire_date_a5c62663" ON "django_session" ("expire_date");
CREATE INDEX "shop_order_user_id_00aba627" ON "shop_order" ("user_id");
CREATE INDEX "shop_order_pickup_point_id_d6f29c7c" ON "shop_order" ("pickup_point_id");
CREATE INDEX "shop_product_category_id_14d7eea8" ON "shop_product" ("category_id");
CREATE INDEX "shop_product_manufacturer_id_aa6d23e4" ON "shop_product" ("manufacturer_id");
CREATE INDEX "shop_product_supplier_id_57bed2a9" ON "shop_product" ("supplier_id");
CREATE INDEX "shop_orderitem_order_id_2f1b00cf" ON "shop_orderitem" ("order_id");
CREATE INDEX "shop_orderitem_product_id_48153f22" ON "shop_orderitem" ("product_id");
DELETE FROM "sqlite_sequence";
INSERT INTO "sqlite_sequence" VALUES('django_migrations',19);
INSERT INTO "sqlite_sequence" VALUES('django_admin_log',0);
INSERT INTO "sqlite_sequence" VALUES('django_content_type',14);
INSERT INTO "sqlite_sequence" VALUES('auth_permission',56);
INSERT INTO "sqlite_sequence" VALUES('auth_group',0);
INSERT INTO "sqlite_sequence" VALUES('auth_user',10);
INSERT INTO "sqlite_sequence" VALUES('shop_pickuppoint',20);
INSERT INTO "sqlite_sequence" VALUES('shop_category',8);
INSERT INTO "sqlite_sequence" VALUES('shop_manufacturer',13);
INSERT INTO "sqlite_sequence" VALUES('shop_supplier',3);
INSERT INTO "sqlite_sequence" VALUES('shop_product',20);
INSERT INTO "sqlite_sequence" VALUES('shop_userprofile',10);
INSERT INTO "sqlite_sequence" VALUES('shop_order',10);
INSERT INTO "sqlite_sequence" VALUES('shop_orderitem',20);
COMMIT;
